area,bedrooms,bathrooms,stories,mainroad,guestroom,basement,hotwaterheating,airconditioning,parking,prefarea,furnishingstatus,price
1748,4,3,2,1,0,0,1,0,0,1,furnished,717368.5209208452
1430,1,3,2,0,0,0,0,1,0,0,furnished,407645.6755274108
1823,3,1,1,0,1,0,1,1,1,1,furnished,584820.1784286819
2261,5,3,2,0,1,1,1,0,0,1,furnished,685642.5900663733
1382,3,3,2,0,1,1,0,0,0,1,furnished,478344.321688751
1382,3,2,1,0,1,1,1,0,0,0,semi-furnished,423246.2374364461
2289,1,1,2,0,0,1,1,0,1,1,semi-furnished,483647.0519183949
1883,1,1,1,0,1,1,0,1,0,1,semi-furnished,373600.66593784397
1265,1,1,2,0,0,1,0,0,1,1,furnished,378388.4095184242
1771,2,3,1,0,0,0,0,0,0,1,unfurnished,457419.4741036707
1268,4,1,2,0,1,0,1,0,0,1,semi-furnished,444884.6612354473
1267,2,3,1,1,0,1,1,1,0,0,unfurnished,455639.65087258606
1620,4,3,2,1,1,0,0,0,1,0,unfurnished,640176.4121260761
543,4,2,1,1,0,1,0,1,1,1,furnished,482873.4658795195
637,3,2,2,1,1,0,0,1,0,1,furnished,516332.4051630846
1218,3,2,2,0,0,1,1,1,2,0,furnished,433929.8103251524
993,4,2,2,1,0,0,1,1,1,1,semi-furnished,580697.5211065926
1657,4,2,2,1,1,0,0,1,1,0,furnished,537185.9646801612
1045,2,3,2,0,1,1,1,1,0,1,semi-furnished,411795.93208834564
793,2,3,2,1,0,1,0,1,2,1,semi-furnished,457753.4583131105
2232,3,1,2,1,0,0,1,0,0,0,semi-furnished,474096.99082128773
1387,1,3,2,0,1,0,1,0,1,1,semi-furnished,409300.2090629431
1533,4,3,2,0,0,1,1,1,1,0,furnished,575592.4844644406
787,2,2,1,0,1,0,1,0,0,0,semi-furnished,343557.7243165692
1227,3,3,1,1,0,1,0,0,0,0,furnished,426642.0480647149
1555,2,2,2,1,1,1,1,1,2,1,furnished,479218.7146615204
924,4,1,1,0,0,0,1,0,2,0,semi-furnished,467403.392324758
1687,4,1,2,0,1,1,0,1,1,0,furnished,506845.493319248
1199,5,3,2,1,1,0,1,0,2,1,unfurnished,664963.9786447686
1354,1,1,1,0,0,0,0,1,2,1,furnished,377726.8253470356
1199,5,3,2,1,1,1,0,1,1,1,furnished,684880.5209201392
2426,3,1,2,0,0,0,1,0,1,1,semi-furnished,620308.9773760738
1493,2,2,1,0,1,1,1,0,1,1,semi-furnished,461250.15716963797
971,3,2,1,1,1,1,0,1,1,1,furnished,439034.5210151446
1911,4,2,2,0,1,1,0,1,0,0,semi-furnished,690028.1086995831
889,5,2,1,0,0,0,0,1,1,1,unfurnished,528616.6731669117
1604,5,3,1,0,1,1,1,0,1,0,unfurnished,586032.9886689247
520,5,1,2,1,0,0,0,0,1,1,semi-furnished,545196.2711527785
835,3,3,1,0,1,1,0,0,2,0,furnished,440972.5472965036
1598,4,2,1,0,0,1,0,0,1,0,unfurnished,509761.4096469664
1869,2,3,2,0,0,1,1,1,0,1,unfurnished,659509.1999300343
1585,2,1,1,0,0,0,0,1,0,1,furnished,374743.9285872477
1442,3,3,1,0,1,0,1,1,1,0,semi-furnished,476311.95529913023
1349,5,1,2,0,0,1,1,1,0,1,unfurnished,578728.9256006232
760,1,3,2,1,1,1,0,0,2,1,furnished,479575.79677905195
1140,3,1,2,1,0,0,1,1,1,0,furnished,381673.29849048005
1269,3,1,1,0,0,0,0,1,0,0,unfurnished,273622.20542617474
2028,4,2,2,1,0,0,1,0,0,0,semi-furnished,551444.2364689927
1671,2,1,2,1,0,1,1,0,1,1,unfurnished,398403.85204703565
618,3,2,1,0,1,0,0,1,0,1,furnished,365558.43262371805
1662,3,2,2,1,0,1,0,0,1,1,unfurnished,576324.9848064645
1307,5,2,2,1,0,0,0,1,0,1,semi-furnished,566162.5568223868
1161,5,3,2,1,1,1,1,0,2,0,furnished,567758.6711609329
1805,1,3,2,1,0,1,1,0,0,1,semi-furnished,486966.8580857674
2015,4,3,1,1,0,1,0,1,0,0,unfurnished,639627.1742307586
1965,1,3,2,1,0,0,0,0,1,1,unfurnished,416751.32807416935
1080,5,1,2,1,0,0,1,1,0,1,semi-furnished,607011.6199152992
1345,2,1,1,1,1,0,1,0,1,0,unfurnished,418365.3101869163
1665,5,3,2,0,1,1,1,0,2,1,semi-furnished,742204.2551078314
1987,4,1,1,0,0,1,0,0,1,1,unfurnished,594624.0107435844
1260,5,1,1,1,1,0,1,0,1,0,semi-furnished,629100.6962329808
1407,4,2,1,1,1,1,0,0,0,1,semi-furnished,512895.3975690472
946,4,2,2,0,0,1,1,1,2,0,furnished,523078.5790038929
901,4,2,1,1,1,1,1,0,1,0,furnished,452278.0783375987
1906,4,2,1,1,0,0,0,1,0,0,semi-furnished,545698.8422377906
2178,4,1,1,0,1,1,0,0,0,0,unfurnished,589443.6677818156
1463,2,3,2,0,1,0,0,1,1,1,unfurnished,444049.27580346656
2001,1,1,2,0,1,0,1,0,0,1,unfurnished,375047.5163917212
1680,3,1,2,1,0,0,1,1,1,1,semi-furnished,614859.046825228
1177,1,1,2,1,1,0,1,1,1,0,semi-furnished,426701.8253451045
1680,4,2,2,0,0,0,0,0,1,1,semi-furnished,544843.4176591461
2269,2,2,2,0,0,1,1,0,2,1,semi-furnished,602620.100056036
1482,5,2,2,1,1,0,0,0,1,1,furnished,655260.7921246017
2282,2,3,1,0,0,0,0,1,0,1,semi-furnished,593213.7304500494
190,4,1,1,1,1,0,0,1,2,0,unfurnished,402725.4796913386
1910,2,3,1,1,0,1,1,0,0,0,furnished,520281.6056936291
1543,2,2,1,0,0,1,1,0,2,1,unfurnished,579400.595524631
1350,4,3,2,0,1,1,0,1,2,0,semi-furnished,624904.9577523733
1545,2,1,1,1,1,1,1,1,2,1,furnished,489966.4082897422
506,3,1,1,0,1,0,0,0,2,1,semi-furnished,396722.34926104895
1390,3,2,1,0,1,0,0,1,0,1,furnished,445735.95708980574
1678,2,2,1,0,0,1,1,0,1,0,unfurnished,525198.3852762366
2238,5,3,2,0,0,1,0,0,0,1,semi-furnished,697803.551884799
1240,4,2,2,1,0,1,0,0,1,0,semi-furnished,510353.33398872433
1095,3,2,2,1,1,1,1,1,0,0,furnished,445715.5497489982
1249,5,1,1,1,0,0,0,1,2,1,furnished,629761.009580322
1957,2,2,2,1,1,1,0,1,2,0,semi-furnished,599059.370641387
1664,5,2,1,0,0,1,0,1,1,0,furnished,546532.2814292953
1235,1,1,2,0,1,1,0,0,1,1,semi-furnished,392322.56725612114
1756,3,1,2,1,0,1,0,1,0,0,furnished,425172.20158935717
1548,2,3,2,1,0,1,0,0,1,0,unfurnished,494048.5287536578
1984,4,2,2,0,1,1,0,0,0,1,furnished,621037.8176038347
1148,2,1,2,1,0,1,1,0,1,1,unfurnished,513166.49047796114
1336,4,3,1,1,1,0,1,1,1,0,furnished,523059.05986356555
1303,2,3,2,0,0,0,0,0,1,1,furnished,391382.3685598838
768,5,2,1,1,0,0,0,0,2,1,semi-furnished,487028.6019537479
1648,5,2,1,0,1,0,1,1,2,0,furnished,535971.574984254
1630,5,3,1,0,1,0,1,0,0,0,furnished,632832.8678879491
1502,1,1,1,1,0,0,1,1,1,1,unfurnished,465631.9647512018
1382,4,3,1,0,0,1,1,1,0,0,furnished,527210.8288974414
792,5,2,2,1,0,1,1,1,1,1,semi-furnished,658264.7472842574
1289,1,1,2,0,0,0,0,0,2,1,unfurnished,370597.91902901174
1328,4,1,2,1,0,1,1,1,2,0,semi-furnished,551044.4176149617
1098,2,3,2,1,0,0,1,1,1,0,semi-furnished,446148.1190473119
1419,1,2,1,1,1,1,1,1,1,1,semi-furnished,419380.45043112175
1702,3,3,2,0,1,1,0,1,2,1,semi-furnished,537809.9221845485
2443,1,3,2,0,1,1,0,0,2,1,unfurnished,577512.7381803669
1587,1,3,1,1,0,1,0,1,0,1,furnished,436683.3044892978
1628,4,1,1,0,0,1,0,0,2,0,semi-furnished,520068.0362038938
1462,2,1,2,1,0,1,0,1,1,1,unfurnished,480876.1748219305
540,3,2,2,1,1,0,0,0,0,0,semi-furnished,380864.8149215454
1486,5,2,1,0,1,0,1,1,1,0,furnished,523040.34849961847
1530,5,3,2,1,0,1,0,0,0,1,unfurnished,651607.6618410881
2731,1,3,2,0,0,0,0,1,1,0,unfurnished,575011.8615408081
1403,4,3,2,1,1,1,1,0,2,0,furnished,556133.0504458069
1650,4,2,2,0,1,0,0,0,1,1,unfurnished,579373.6876840369
1482,5,1,1,1,1,1,1,0,0,0,furnished,542852.1475764742
915,3,1,1,1,0,0,1,1,1,0,unfurnished,358596.7608190868
2071,2,3,1,0,0,1,0,0,0,1,unfurnished,452707.1847546
1875,3,3,2,1,0,0,1,0,1,1,furnished,612030.5424383107
1895,2,3,2,1,1,1,1,0,2,1,furnished,540828.9490853689
1045,5,3,2,0,1,0,1,0,2,1,unfurnished,639996.1857624697
2201,2,2,2,1,0,1,1,1,1,1,unfurnished,543332.28131704
799,4,1,2,0,0,1,0,0,1,1,furnished,508042.68465166085
1793,1,3,1,1,1,1,1,0,1,1,furnished,594191.387269415
2595,1,2,2,0,0,0,0,0,0,0,unfurnished,406462.15991490905
1004,5,3,2,1,1,0,1,1,1,0,unfurnished,645110.3931187338
1216,4,3,1,1,1,0,1,0,1,1,unfurnished,523262.90475589904
1549,3,1,2,1,0,1,1,0,0,0,furnished,514947.70868988946
1248,4,3,1,0,1,0,0,0,2,0,unfurnished,446537.0795457392
724,1,1,1,0,0,1,0,0,1,1,semi-furnished,281429.33792138565
1534,1,1,1,0,1,0,0,1,1,0,furnished,289750.5516555324
968,4,1,1,0,1,0,1,0,2,1,unfurnished,454450.7705450816
1736,4,2,1,1,0,0,1,0,2,0,furnished,500048.73624263465
1040,1,2,2,1,1,0,1,1,0,1,semi-furnished,448117.52354478766
2274,3,1,1,0,0,1,1,1,1,0,furnished,468550.98227802065
1108,5,3,1,0,0,0,0,1,1,0,unfurnished,563398.2129665914
1338,5,1,2,0,1,0,1,0,0,0,semi-furnished,499595.09858688334
1906,4,3,2,1,0,1,0,1,2,1,semi-furnished,694876.3814100568
884,5,1,1,0,0,1,1,0,0,0,unfurnished,433787.7953700064
1613,1,3,2,0,0,0,0,1,2,0,unfurnished,408208.76641705754
2153,1,2,2,1,0,0,0,0,0,1,unfurnished,480818.35567704437
696,4,3,1,1,0,1,1,1,2,1,furnished,624116.7282177205
1592,4,1,1,0,0,1,1,0,0,0,furnished,408295.2607083643
1629,4,2,2,1,1,1,0,1,2,0,furnished,681490.5071636923
1890,3,3,1,0,0,0,1,0,2,0,unfurnished,591904.8816743892
881,5,3,1,1,1,0,1,0,2,0,unfurnished,520292.25054859783
839,4,3,2,0,1,0,0,0,2,1,furnished,471147.2697454724
1760,2,3,1,0,0,1,0,0,2,0,semi-furnished,471098.04500858823
1648,2,3,1,0,1,1,0,0,1,0,furnished,412429.62386165635
1625,1,2,1,0,1,1,0,0,2,1,semi-furnished,505930.1609581501
1673,5,2,1,1,0,0,1,0,1,0,unfurnished,577040.3770249916
1159,4,2,1,1,0,1,0,0,2,0,unfurnished,455790.02959824103
1616,2,2,2,1,0,0,0,1,1,0,furnished,419242.02444941446
1646,5,1,2,1,1,1,0,0,1,1,furnished,689095.2479545415
1142,1,2,1,0,1,0,1,0,0,1,unfurnished,293640.8012957907
2432,3,3,2,0,0,0,0,1,2,0,furnished,630391.4399730214
1736,5,3,1,1,0,1,1,0,0,0,unfurnished,649390.137255624
904,5,2,1,1,1,0,0,1,0,1,unfurnished,521187.0824034585
1828,3,3,1,1,1,1,0,0,2,0,semi-furnished,555503.558562992
1012,5,2,1,1,1,0,1,1,0,0,furnished,528371.579508874
1893,1,3,1,1,1,1,0,1,2,1,unfurnished,558466.2255758046
2079,1,1,2,0,0,1,0,0,0,1,furnished,442437.2167755163
1089,3,1,2,0,1,0,1,1,2,1,semi-furnished,480894.3134372586
1981,4,2,1,0,1,1,0,0,2,0,semi-furnished,566282.4530748259
1706,2,2,2,1,1,0,0,0,2,0,furnished,477011.0494238256
1911,4,2,1,1,1,1,0,0,1,0,furnished,492219.37965402775
2448,5,3,2,1,0,1,0,0,0,0,unfurnished,717680.0428699065
1377,2,2,1,1,0,1,1,1,1,1,semi-furnished,560309.5880416534
1123,3,1,2,0,1,1,0,0,0,0,semi-furnished,353114.04296544683
1055,3,3,1,0,1,0,1,1,0,0,semi-furnished,394848.51451986487
1092,2,2,1,1,0,1,0,1,0,1,furnished,365663.61141781294
1461,1,3,2,0,0,1,1,0,1,1,unfurnished,475329.5889361561
1670,2,3,2,0,1,0,0,0,0,0,furnished,474424.272709822
1638,5,2,1,1,1,0,1,0,1,1,furnished,613873.1153791772
1913,1,3,2,1,0,0,0,0,2,1,furnished,470399.0469180517
1506,3,1,1,1,0,0,1,1,0,0,unfurnished,438218.8395819962
2226,2,1,2,1,0,0,1,0,0,0,furnished,392368.89363320975
1367,4,3,2,1,0,0,0,1,2,0,semi-furnished,608871.3283428747
2860,4,2,1,1,0,1,1,0,2,0,semi-furnished,717576.2193043967
1812,5,3,2,0,0,0,0,0,0,1,semi-furnished,573640.0431683161
1071,4,1,2,0,1,1,0,0,2,1,unfurnished,440474.0861585168
964,2,3,1,1,0,0,0,0,1,0,furnished,455371.89458474296
1741,2,3,2,0,0,1,0,1,1,0,unfurnished,468512.0180247708
1388,4,1,1,1,0,1,0,1,0,1,furnished,565597.3922971911
1857,2,3,1,1,0,1,1,0,1,0,semi-furnished,476000.1167401084
1736,5,3,1,1,1,0,0,1,1,0,furnished,635502.2591529336
1463,1,2,1,1,1,0,0,1,0,0,furnished,388220.63497483224
1076,5,2,1,0,0,0,0,0,2,0,furnished,453400.057162678
742,5,1,2,1,1,0,0,0,0,1,unfurnished,520824.85717478226
1276,2,1,1,0,1,1,0,1,1,0,furnished,348525.5292587954
1928,1,1,1,1,1,0,0,1,0,1,furnished,351775.32782974845
1607,2,2,2,1,1,1,1,1,0,0,furnished,505574.1037363199
877,3,1,2,1,1,1,1,1,1,0,unfurnished,442534.6096561042
1586,2,1,2,0,1,0,0,0,1,1,unfurnished,430748.7585777646
1692,2,1,1,1,0,0,1,0,0,0,unfurnished,316691.9528292921
1058,2,2,1,1,0,0,0,1,1,1,furnished,495370.0183881402
1576,1,3,1,1,0,1,0,0,1,0,semi-furnished,441435.7093193058
1529,2,1,2,0,0,0,0,1,1,0,semi-furnished,456107.7942085989
928,1,3,1,0,0,1,0,1,1,0,semi-furnished,312527.7648779159
1678,4,1,2,0,1,0,0,0,1,0,furnished,426340.855524829
1780,3,3,1,1,0,1,1,1,1,0,semi-furnished,648645.8691244755
2041,1,2,2,0,0,0,1,1,2,1,semi-furnished,499045.1245997066
2026,4,2,1,1,1,0,1,0,0,1,semi-furnished,553160.0101989973
811,1,1,1,0,1,1,1,0,1,0,furnished,274940.07872415567
1031,1,3,1,0,0,0,0,1,0,0,semi-furnished,366456.03940016485
1757,3,2,2,1,1,0,1,1,2,1,semi-furnished,617547.4721957267
1756,5,1,2,0,1,0,0,0,1,1,furnished,669528.7583969687
1757,5,1,1,1,1,0,1,1,0,0,unfurnished,627849.9969258434
3426,1,2,1,1,1,0,1,1,1,0,semi-furnished,536780.940629897
1785,2,2,1,0,0,0,1,0,1,1,unfurnished,407810.4947170262
2067,4,1,2,1,1,0,1,0,1,0,semi-furnished,637576.8581639883
1977,2,3,1,1,0,1,0,0,1,1,furnished,387069.3718094781
1825,2,3,1,0,0,1,1,0,1,0,unfurnished,443027.21534175053
1342,1,3,1,0,1,0,1,0,1,1,unfurnished,320658.4399187664
1879,1,1,1,1,1,0,0,0,1,1,unfurnished,384072.3099283238
1113,1,2,2,0,1,0,0,1,2,0,unfurnished,366358.9955485398
1381,1,1,2,1,0,1,1,1,2,1,semi-furnished,428187.7811046246
1257,5,2,1,1,1,1,0,0,1,0,semi-furnished,523086.93739436957
1540,1,3,1,0,1,0,0,0,1,0,unfurnished,314142.8175185593
2657,5,3,2,0,1,1,0,1,2,0,semi-furnished,890295.5633409343
566,5,2,2,0,1,0,1,1,2,0,unfurnished,627973.1002080676
1843,1,2,1,0,1,0,0,1,2,1,unfurnished,391196.70898718585
693,3,1,2,1,0,0,1,0,1,0,furnished,466405.8375651784
1264,4,3,2,1,1,0,1,0,0,0,unfurnished,529426.7254763574
2044,2,1,1,0,1,1,1,1,0,0,semi-furnished,438859.37366658554
1532,5,1,2,0,1,1,1,0,0,0,unfurnished,543036.3020051542
961,4,1,2,1,0,0,0,0,0,1,furnished,438112.5679373017
1142,3,3,1,1,1,1,1,0,1,0,semi-furnished,526392.6171803074
1839,2,1,1,1,0,1,0,1,0,1,furnished,460194.3265288329
1134,2,1,2,1,0,0,1,1,2,1,furnished,437572.42883903795
1608,5,1,1,0,1,1,0,0,2,1,unfurnished,515570.52780997637
1522,1,1,2,1,1,0,1,0,0,0,furnished,320520.24931404396
1174,3,1,1,1,1,0,0,0,2,0,furnished,340330.99421989516
2571,5,1,2,0,0,0,1,0,1,0,semi-furnished,645711.1774207585
1816,3,3,1,1,0,0,1,0,0,0,furnished,439766.7203857802
487,1,1,2,1,0,1,0,1,0,1,unfurnished,295421.9743740729
1593,1,2,2,0,0,0,1,0,1,1,unfurnished,480805.0926805185
1169,5,1,2,0,0,1,1,0,2,0,unfurnished,594864.9786460793
1926,1,1,1,0,0,0,1,0,1,0,furnished,338986.1552948691
1103,4,3,1,1,1,0,0,1,1,0,semi-furnished,525945.7636928424
1442,2,3,2,1,1,1,1,1,2,0,unfurnished,636193.7274710503
1752,5,2,2,0,0,0,1,0,1,0,furnished,619237.8060179355
1932,3,2,1,0,1,1,0,1,2,0,unfurnished,516809.6770061739
899,4,3,1,1,1,1,0,1,2,0,unfurnished,468599.0941439774
1332,5,3,1,0,0,0,0,1,1,1,semi-furnished,612893.6609082372
1262,1,1,1,0,0,0,0,1,2,1,unfurnished,387666.1886291431
1173,1,3,1,0,1,0,0,1,1,1,semi-furnished,360717.4237743178
2382,1,2,1,1,0,0,1,1,2,1,furnished,540760.1377569017
1702,1,1,2,1,0,0,1,0,0,0,unfurnished,350021.3352542485
869,3,2,1,1,1,0,1,1,2,0,furnished,445698.38004004984
1958,4,1,2,1,0,1,0,1,2,0,furnished,486408.89712188346
2561,2,3,1,1,1,1,1,0,1,0,furnished,558010.9298141933
2016,3,2,1,1,1,0,0,0,2,0,unfurnished,585068.4651204027
740,3,1,2,0,1,1,0,0,0,1,semi-furnished,362429.8722216721
1257,2,1,2,1,1,1,1,0,0,0,unfurnished,401326.3184107658
2133,2,3,1,1,1,0,0,1,2,1,furnished,550502.4646654039
1146,1,3,2,0,0,0,0,1,2,0,semi-furnished,417622.08381463867
1721,3,3,2,1,0,1,1,1,0,1,furnished,589273.8401231914
1887,5,2,2,1,0,0,0,1,1,0,semi-furnished,606737.9229658997
1036,2,1,2,0,0,1,0,0,0,1,unfurnished,425227.5733832564
1470,2,3,1,0,1,0,1,1,0,0,semi-furnished,471446.6006766108
-120,4,2,2,0,1,1,0,1,2,0,unfurnished,387754.66180359124
987,5,2,1,1,0,1,0,0,2,0,furnished,553589.4154708888
1373,5,2,1,0,1,1,1,1,0,0,semi-furnished,572170.6001410191
876,2,3,1,1,0,1,1,1,1,1,furnished,477715.0617505588
2316,1,3,1,1,0,0,1,1,0,0,semi-furnished,389887.2052002461
784,4,1,2,1,0,0,1,1,0,1,unfurnished,536730.3270516314
1279,5,1,2,1,1,1,0,0,1,0,semi-furnished,534415.0518537135
1565,2,3,1,0,1,1,0,0,0,1,semi-furnished,428608.60332793667
2220,5,2,1,0,1,0,1,0,0,0,unfurnished,726894.08761301
782,4,2,1,1,1,0,0,0,2,0,unfurnished,478293.66903605056
2081,4,2,1,0,0,1,0,0,1,1,unfurnished,553783.8762276412
1505,3,1,2,1,1,1,1,1,2,0,semi-furnished,428235.2813622047
1009,2,2,1,1,1,1,1,1,2,0,furnished,498388.2066973178
1731,4,1,2,1,1,1,0,0,1,1,semi-furnished,525839.5164595699
1599,3,1,1,0,0,1,1,0,1,0,semi-furnished,367728.0548250248
1199,3,2,1,1,0,0,1,0,0,1,furnished,426332.3850456075
1534,5,2,1,1,1,1,1,1,2,0,unfurnished,702220.5895850146
1307,5,3,1,0,1,0,0,0,1,1,semi-furnished,619361.9993332879
1556,3,3,2,0,1,0,1,1,2,1,furnished,590708.124507987
1831,5,2,2,0,1,0,0,1,2,1,unfurnished,703514.6031819411
2293,4,1,2,0,0,1,0,1,1,1,unfurnished,599280.7153564447
881,1,1,1,1,1,0,0,1,0,0,semi-furnished,285082.68447826756
2566,4,1,1,0,1,0,1,0,2,0,unfurnished,593266.8372389069
523,3,1,2,1,1,0,1,1,1,1,unfurnished,493738.4947840676
1424,3,1,2,0,0,0,1,1,0,0,furnished,483758.90612194745
1794,4,3,1,0,0,1,1,0,2,0,furnished,592098.8691102823
1640,5,2,1,0,1,1,1,1,1,0,unfurnished,573882.6221226949
1188,5,3,2,0,1,0,0,1,2,1,furnished,690891.1147195064
1395,3,1,1,0,1,0,0,1,1,0,unfurnished,414901.5766898477
1253,2,1,1,0,1,1,0,0,1,0,semi-furnished,286204.2815643434
1205,5,1,2,1,1,1,1,1,2,1,furnished,623335.610404453
1924,4,1,1,0,0,1,0,1,2,0,unfurnished,541626.3491892163
1678,5,2,2,0,0,0,0,0,1,1,unfurnished,658310.7891832372
1153,4,1,1,0,0,1,1,0,0,1,furnished,429123.59139214235
1949,3,2,2,0,1,0,1,1,2,1,furnished,547440.0644380196
1653,5,1,1,1,0,0,0,1,1,0,semi-furnished,563137.084164841
1906,4,2,2,0,0,1,0,0,1,0,unfurnished,566272.8020028276
1814,3,3,2,0,0,0,1,1,0,1,semi-furnished,578691.8814451377
1085,2,1,2,0,1,1,1,0,0,1,semi-furnished,432493.5757977215
1219,4,2,2,0,1,0,1,1,0,1,semi-furnished,595846.1620044949
1873,2,3,1,1,0,1,1,0,2,1,furnished,510589.45638091664
1805,2,1,1,0,1,0,0,1,1,1,semi-furnished,414692.8270975528
1489,1,1,2,1,0,0,0,0,1,1,furnished,341890.06445222633
1558,5,1,1,0,0,1,1,0,1,0,furnished,548740.7835140238
2138,4,2,1,1,0,1,0,0,0,1,semi-furnished,661241.0054168857
1204,2,2,1,1,0,1,0,0,1,1,semi-furnished,399645.90360455384
1773,1,3,1,0,1,1,1,0,2,1,unfurnished,453228.47176375036
1398,3,2,1,0,1,0,0,1,0,0,semi-furnished,503139.1278449488
1391,4,2,2,1,1,1,0,1,0,0,unfurnished,584377.8926607504
2049,2,1,2,1,1,1,0,0,0,0,semi-furnished,491711.78524005273
1912,5,1,2,0,0,0,1,1,0,0,semi-furnished,524654.1747013137
1906,1,1,2,1,1,1,1,1,2,1,semi-furnished,547536.403463971
2152,2,1,1,1,0,1,0,1,1,0,semi-furnished,423743.1829745121
1510,5,1,1,1,1,0,1,1,2,1,unfurnished,567298.9907032521
1840,2,1,2,0,1,1,1,1,1,1,unfurnished,489661.4211616644
1344,4,1,1,1,1,1,1,1,2,1,semi-furnished,538110.3638275655
1662,4,3,1,1,0,1,0,0,0,1,semi-furnished,560120.015280748
1434,4,3,2,1,0,1,0,1,0,1,unfurnished,541350.9182737541
1548,1,3,1,0,0,1,1,1,2,1,furnished,500740.8153233836
1797,4,3,2,0,0,1,0,1,2,0,furnished,681084.3147258215
1090,5,1,2,1,1,0,0,0,1,0,furnished,436632.8762929593
2546,2,3,1,0,0,1,0,1,2,0,unfurnished,608522.8902833275
996,3,1,1,1,0,0,0,1,2,0,unfurnished,374073.5685089187
892,5,3,2,0,1,0,0,1,1,0,furnished,612048.7768491392
2079,5,2,2,0,1,0,1,0,1,1,furnished,672477.6753666792
1895,4,3,1,1,0,0,0,1,1,0,semi-furnished,595938.7782040499
1812,1,3,2,0,1,1,0,0,2,0,unfurnished,456945.11752893904
1814,2,1,2,0,0,1,0,1,1,0,unfurnished,507006.46021167433
1493,1,3,2,0,1,1,1,0,0,1,furnished,375320.5993737486
1051,2,2,1,1,0,0,1,0,0,1,furnished,408492.01693675044
1537,2,1,2,0,0,1,1,0,0,1,unfurnished,471766.5082444775
1161,1,1,1,0,0,1,0,1,2,0,semi-furnished,346917.00402702054
1987,5,3,2,1,0,1,1,0,0,0,furnished,782934.9457161708
1426,2,1,1,0,0,0,1,0,2,0,unfurnished,334152.66186376504
1087,1,1,2,0,1,0,1,0,2,0,unfurnished,379565.2411296766
1339,2,1,1,0,0,1,1,0,0,0,semi-furnished,316595.468232929
1706,3,1,1,0,0,0,0,1,1,1,semi-furnished,532270.3038176334
1218,5,1,1,0,0,0,1,1,2,0,furnished,514415.55021393154
1088,4,1,2,1,0,1,1,1,0,1,furnished,507406.21090687654
1621,2,2,2,1,0,0,0,1,2,0,furnished,562403.6101935814
1622,3,3,2,0,1,0,0,0,1,1,unfurnished,527621.9030490535
1246,4,2,1,0,1,1,1,1,1,1,furnished,466963.7120549722
1264,4,1,2,0,0,0,0,0,0,1,unfurnished,445557.6558413086
1616,2,1,1,1,1,0,1,1,2,1,furnished,515551.6473294266
775,1,3,2,1,0,0,0,1,2,0,semi-furnished,462101.93757935456
796,2,2,1,0,1,0,0,1,2,0,semi-furnished,365156.4687648256
1140,3,3,1,0,1,0,1,0,2,0,unfurnished,522909.85336170124
1393,4,2,1,1,0,0,0,1,0,1,semi-furnished,461391.25392612035
1655,2,1,2,0,1,0,1,1,1,0,unfurnished,421336.82675910485
2237,1,3,2,1,1,0,0,1,0,0,unfurnished,499271.2441422949
1928,2,3,2,1,0,1,1,0,2,0,semi-furnished,545072.028626374
1420,5,1,1,0,0,1,0,1,2,0,unfurnished,541204.7194125098
1490,1,3,1,1,1,1,0,1,1,1,semi-furnished,498545.54786960967
998,3,2,2,0,1,1,0,0,2,1,furnished,467559.6580914755
1490,4,2,2,0,1,0,0,0,0,0,furnished,510951.43434765626
1355,2,2,2,0,0,1,0,1,0,0,semi-furnished,408243.85548379744
1661,1,2,1,0,1,1,1,1,1,0,semi-furnished,347805.5048054425
1086,5,1,1,0,1,0,0,1,0,1,semi-furnished,497916.66554592823
1759,1,3,1,0,1,0,1,0,0,1,semi-furnished,406717.0235051441
2266,5,2,1,1,0,0,1,0,0,1,furnished,641345.9717498476
1445,3,1,1,1,0,0,1,0,0,0,unfurnished,404087.97282907256
1700,4,3,2,1,0,0,0,1,2,1,unfurnished,673783.6770306693
1845,3,3,1,1,0,1,1,0,0,1,furnished,525885.2410446334
1299,2,1,1,0,1,0,0,1,1,1,unfurnished,458535.7366985632
1612,1,1,1,1,0,1,1,0,1,1,furnished,325725.96853984916
1506,5,2,1,1,1,1,1,0,0,1,unfurnished,562551.4945765052
1548,5,3,1,1,1,0,1,0,1,0,semi-furnished,746798.1812111777
1113,1,3,2,0,1,1,1,1,0,0,semi-furnished,337400.4322505385
1512,1,1,1,1,1,1,1,1,1,0,semi-furnished,311512.2662645121
1748,2,3,1,0,0,0,0,1,1,0,furnished,486523.83725006087
2225,3,2,1,1,0,1,1,1,0,1,furnished,476644.0073113063
1979,5,3,2,0,0,1,1,0,0,0,unfurnished,624136.3045013781
2576,2,1,2,0,0,1,0,1,2,0,unfurnished,649891.2462538244
1116,3,1,2,1,0,0,0,0,0,0,unfurnished,324353.20389232994
1936,2,2,1,0,1,0,0,1,0,1,furnished,369501.77571306436
1591,5,2,2,0,0,0,1,1,2,0,unfurnished,547140.9399021151
2594,1,3,1,1,0,1,1,0,0,1,semi-furnished,567317.9784173493
1095,1,3,1,1,0,0,1,0,0,1,unfurnished,418738.83599929063
1080,3,1,2,1,0,1,1,1,2,1,semi-furnished,490370.56015107455
1200,4,2,1,0,1,0,1,1,0,0,furnished,502160.62020005344
438,3,2,1,0,1,1,1,0,0,1,semi-furnished,431312.7663755995
1237,4,2,1,0,1,0,0,0,2,0,semi-furnished,568067.3207214912
1120,2,3,2,1,1,0,0,0,2,0,semi-furnished,454683.2359410076
1575,2,2,1,0,1,1,1,0,1,0,furnished,295426.41411650064
1670,5,1,1,0,0,0,1,0,0,1,furnished,488956.0538795157
2438,4,1,2,0,1,1,1,1,1,1,furnished,645459.7902532371
1975,5,3,1,0,1,0,1,1,1,0,furnished,632553.0601710805
1211,1,3,1,0,1,0,1,1,2,1,unfurnished,414707.029949564
1050,4,2,2,0,0,1,0,1,0,1,furnished,570944.7298965334
1745,3,3,1,0,0,1,0,0,0,1,semi-furnished,563221.4213343791
839,1,1,1,1,1,1,1,0,2,0,furnished,298316.31730376085
2415,1,2,1,1,0,0,0,0,1,1,unfurnished,531424.243802591
2089,3,1,1,1,0,1,1,1,2,1,unfurnished,594783.0683315544
1265,1,2,1,0,1,0,1,0,0,0,unfurnished,302725.2986431286
643,4,3,2,0,0,1,1,0,2,1,semi-furnished,572627.2078554982
2176,5,2,2,1,0,1,0,1,0,0,furnished,676212.6024118958
1442,1,2,2,0,0,1,0,1,1,1,furnished,527090.5588548881
2118,4,1,2,1,1,1,1,1,0,1,furnished,572879.4416602721
702,2,1,1,0,1,1,0,0,1,1,semi-furnished,294441.45504539914
1200,4,2,1,0,1,1,0,0,1,1,semi-furnished,493674.0551523025
1502,5,3,1,1,0,0,1,1,0,1,unfurnished,650172.6345228995
1523,4,3,1,1,1,1,0,1,0,1,unfurnished,660698.0243551545
1274,3,1,1,1,0,0,0,0,1,0,furnished,396180.07163819217
1811,5,3,2,1,0,1,1,1,2,1,semi-furnished,677988.5175246897
966,2,1,2,1,0,1,1,0,0,1,semi-furnished,431725.6948227502
1428,3,3,1,0,1,1,0,1,1,1,furnished,565547.9383070982
1560,4,2,1,0,1,0,1,1,1,0,furnished,426907.0670310297
1757,5,1,1,0,1,0,0,1,2,0,unfurnished,575509.79331646
1855,2,1,2,1,1,1,1,0,0,0,unfurnished,378992.9084659851
937,3,2,1,1,0,0,1,0,1,1,unfurnished,403467.4451248969
732,2,1,1,1,1,1,1,1,2,1,furnished,361059.55365186
2138,4,3,1,1,0,1,1,0,1,0,furnished,652263.2349120993
1666,2,3,2,1,1,0,0,1,0,0,unfurnished,512441.5087086092
1125,1,1,1,1,1,0,1,1,2,0,unfurnished,286220.4499621986
2275,3,3,2,0,1,0,1,0,1,1,semi-furnished,669503.2981478671
1557,2,1,2,0,0,0,1,0,2,0,semi-furnished,342009.70880357927
2089,4,2,2,0,0,1,0,0,0,1,unfurnished,610405.6895235472
1533,4,1,2,0,0,0,0,0,2,1,unfurnished,497599.4665354222
2530,2,2,2,0,0,0,1,1,0,1,semi-furnished,542716.145873474
2377,4,3,2,1,0,1,1,0,1,0,unfurnished,700913.5374019193
1375,5,2,1,1,1,0,1,0,0,1,semi-furnished,601572.4699529764
1985,5,3,1,1,0,0,1,1,1,0,semi-furnished,728348.453677798
1822,5,1,1,1,0,0,1,1,1,0,semi-furnished,581087.3150164273
2184,1,3,2,1,0,0,1,1,0,0,furnished,516722.543148167
1017,2,1,1,1,0,1,0,1,1,0,furnished,334813.1338797838
1843,1,1,2,0,1,1,1,0,2,1,unfurnished,461399.4941311399
2029,4,2,2,1,0,0,1,0,1,1,semi-furnished,657874.3024004255
620,1,2,2,1,1,0,1,1,0,1,furnished,360084.5076272812
908,4,2,1,1,1,1,1,1,2,1,unfurnished,463612.4757953752
480,4,2,2,1,1,0,1,0,2,0,unfurnished,497573.54481654475
1365,3,3,2,0,0,0,1,0,1,0,unfurnished,502728.0738677728
1858,5,3,1,0,1,0,0,0,1,0,unfurnished,566791.3261826024
2251,4,3,1,1,0,0,0,0,0,0,unfurnished,520880.6481963743
1537,3,1,2,0,0,0,0,0,2,1,semi-furnished,562493.9575251982
2314,5,3,2,0,0,0,0,1,0,0,unfurnished,700972.2755447201
809,4,3,1,1,0,0,0,1,1,1,semi-furnished,509445.9484539145
648,4,3,1,1,0,0,0,1,2,0,furnished,432948.3558426256
1472,1,2,1,1,1,0,1,1,0,0,unfurnished,334109.2585789327
1692,1,3,2,1,1,1,1,0,0,0,furnished,517329.5198393116
1483,5,1,1,1,0,1,1,1,0,0,semi-furnished,548183.0970434023
466,4,2,1,0,1,1,1,0,0,1,semi-furnished,387070.6466499647
1455,2,1,1,1,0,0,1,0,0,1,furnished,413984.4615612328
847,1,3,2,1,1,0,1,0,2,1,unfurnished,391980.0906276838
1834,5,2,1,1,1,1,0,0,0,1,unfurnished,698442.1515140189
1683,4,1,1,0,1,0,1,0,2,0,furnished,568940.0267448362
1030,4,3,1,1,1,1,0,0,0,0,furnished,464671.2964398612
1243,2,1,1,1,1,0,0,0,1,1,furnished,362866.487648457
970,5,1,1,1,0,1,1,1,1,1,unfurnished,414093.34006538603
1468,4,1,2,0,0,1,1,0,0,0,unfurnished,400720.96142243163
1977,1,3,2,1,1,1,1,1,1,0,unfurnished,458726.5112521122
1007,2,3,2,1,0,0,1,1,2,1,furnished,515459.5170493693
1752,5,1,1,1,1,1,1,0,0,1,unfurnished,576888.314777932
1234,2,2,2,0,0,0,1,0,2,1,semi-furnished,379133.22562923795
1103,1,2,2,1,1,0,1,1,0,0,furnished,364241.7978767721
1446,5,3,2,1,1,0,0,1,1,1,unfurnished,714866.8573823674
982,2,3,1,1,1,0,1,1,2,1,furnished,507591.96749577933
1223,3,3,1,0,0,0,1,1,1,1,semi-furnished,395316.48595705593
901,1,3,2,1,0,0,0,0,1,1,semi-furnished,388686.82597580843
2482,1,3,2,1,1,0,1,0,0,1,furnished,487032.9611514195
1517,1,2,1,1,1,1,1,0,2,0,furnished,449786.4348570137
1150,3,3,1,0,0,1,0,1,1,1,semi-furnished,524207.3208176749
1606,3,1,2,0,0,1,1,0,0,0,furnished,393698.63868377707
1443,4,1,1,1,0,0,1,1,0,1,semi-furnished,473997.73987998
1389,2,2,2,0,0,0,1,0,0,1,semi-furnished,398836.64747508464
1807,4,1,1,0,0,0,1,1,1,1,unfurnished,426060.33026343305
1878,2,2,2,0,1,0,1,0,0,0,furnished,467598.4086720288
1234,3,2,2,1,0,1,1,0,2,0,furnished,487757.77268299344
1212,3,1,1,1,1,0,0,1,2,0,unfurnished,499708.75412839296
1362,4,3,2,0,1,1,1,1,1,1,semi-furnished,564279.5391018724
349,5,1,2,0,0,0,1,1,2,1,furnished,471943.85258750344
742,4,1,2,0,0,1,0,1,0,0,unfurnished,343873.73709804425
2183,2,2,1,1,1,0,0,1,1,0,unfurnished,458085.4718252873
2322,4,1,1,1,0,1,1,0,0,1,furnished,526100.9001965891
1375,1,2,1,0,1,0,0,1,1,0,unfurnished,397298.68394232227
1788,2,3,2,0,0,1,1,0,1,1,semi-furnished,486886.90756243037
1655,2,3,1,0,0,0,1,0,0,0,unfurnished,409708.78423723066
3039,5,3,2,0,0,1,0,0,2,0,semi-furnished,754861.8298069098
2059,3,1,2,1,1,1,1,0,2,0,semi-furnished,505426.7366993594
1436,2,2,1,0,0,0,1,0,1,1,furnished,398184.9788414179
1022,3,3,1,1,1,1,0,1,0,1,unfurnished,527155.1665931797
696,4,2,2,0,0,0,0,1,0,0,semi-furnished,374212.0303728324
1601,1,2,2,0,1,0,0,0,1,1,semi-furnished,460555.63953656895
1121,5,3,1,0,0,0,0,0,2,1,unfurnished,524613.9539261152
788,3,3,1,0,1,1,1,1,0,1,semi-furnished,427650.80369635794
1176,2,2,1,0,1,1,0,1,2,1,unfurnished,469134.1561505024
959,3,3,2,1,1,0,0,0,2,0,furnished,467728.1921390256
2343,2,2,2,0,1,0,0,1,1,1,semi-furnished,571178.7429667932
1940,3,2,2,0,1,1,0,1,1,1,semi-furnished,573265.4585605954
1496,2,3,2,0,1,1,0,1,2,0,unfurnished,516068.40033519093
2239,4,1,2,1,0,1,1,0,0,1,unfurnished,497863.0447238251
1538,2,3,1,1,1,0,0,1,0,1,unfurnished,397315.9092395959
1069,2,1,1,1,1,0,1,0,1,1,unfurnished,415698.3503023419
2261,1,2,2,1,1,0,0,0,2,0,semi-furnished,552959.0702824525
1769,2,2,2,0,0,0,0,0,0,0,furnished,371375.66482342395
981,1,1,1,0,0,0,0,0,0,1,furnished,240898.58239144328
1404,5,2,1,0,0,1,0,0,1,1,furnished,570135.9626451151
1062,1,1,1,1,1,0,0,1,2,0,furnished,370860.8800829352
808,4,1,1,0,0,1,0,0,0,0,unfurnished,259416.13641645756
1963,1,2,2,0,0,1,0,0,1,0,semi-furnished,371997.9876510812
2454,5,1,1,1,1,0,0,0,0,1,semi-furnished,628771.0310075063
800,4,3,2,1,1,1,1,1,0,1,semi-furnished,608157.0098618024
1781,3,3,1,1,0,0,0,1,0,0,unfurnished,638021.5241860747
1174,3,2,1,0,1,1,1,1,1,1,semi-furnished,468999.7136595141
1256,1,2,1,0,1,0,0,1,2,1,unfurnished,320251.1268948006
1203,1,1,2,1,1,0,1,1,1,1,semi-furnished,433413.4038600649
1068,5,1,2,0,1,1,0,1,2,1,furnished,657849.7894770355
1524,5,1,1,1,0,0,0,1,0,1,unfurnished,567800.706048975
1084,2,1,2,1,1,1,0,0,2,1,semi-furnished,403067.5727422854
1635,5,3,2,0,0,0,1,0,0,1,furnished,674399.697074001
1474,2,3,1,1,0,0,1,1,0,0,furnished,473577.28092492174
1380,4,2,1,1,0,0,1,0,1,0,furnished,444695.95779021876
1046,1,1,2,1,0,1,1,0,0,0,unfurnished,331671.2808767171
1211,4,1,2,0,1,1,0,1,1,0,unfurnished,550963.2783829436
1877,5,2,2,1,1,0,0,0,2,0,semi-furnished,721794.5021279447
1750,4,1,1,1,1,1,0,0,2,0,furnished,536677.5512345273
1011,4,1,1,1,0,0,1,1,0,0,semi-furnished,416196.0276910341
1549,4,1,2,1,0,1,0,0,1,0,semi-furnished,586263.6911040632
1875,5,1,1,1,0,1,1,1,0,0,furnished,519991.9748509557
665,4,1,1,1,1,0,1,1,1,1,semi-furnished,491428.9645460503
1771,2,2,2,1,0,0,1,0,1,1,unfurnished,441598.66863177856
1168,5,1,2,0,1,0,1,0,1,0,semi-furnished,573068.8136129802
1785,4,2,1,0,1,0,1,0,2,1,furnished,563597.7242194419
1118,5,1,1,1,1,0,0,1,1,1,unfurnished,620229.1617823734
597,3,3,2,0,1,1,1,1,2,0,unfurnished,502270.63781777635
686,2,3,1,0,0,1,1,1,1,0,semi-furnished,300438.9884969035
1524,4,3,1,1,1,0,0,0,2,0,semi-furnished,638631.3866038622
1629,3,3,2,0,0,0,1,0,2,1,unfurnished,643462.2633213864
1047,3,2,2,1,1,0,1,1,2,1,semi-furnished,591814.3246299608
1819,5,2,1,1,0,1,0,0,0,0,furnished,533820.606748189
669,3,1,1,1,0,0,0,0,1,1,semi-furnished,356599.30228212953
1466,2,3,1,1,1,0,0,1,0,1,semi-furnished,488871.360870288
894,2,2,2,1,1,1,1,1,1,1,unfurnished,437214.48003342835
1174,1,1,1,0,1,1,0,0,1,0,semi-furnished,367017.32862316025
1523,2,1,1,1,0,1,0,1,0,1,semi-furnished,429516.3235863018
1069,3,2,2,0,1,1,0,0,2,1,semi-furnished,361732.5976446321
1307,2,3,2,1,1,0,1,1,1,1,furnished,550667.7906378111
2003,5,1,1,1,0,1,0,1,2,1,semi-furnished,642892.1301591344
1211,1,3,2,1,1,1,1,1,0,1,furnished,460353.67219407763
1917,3,3,2,0,0,0,1,0,2,1,furnished,576269.031710715
935,1,3,1,1,1,0,0,0,1,1,furnished,413852.3208303344
1764,3,1,2,1,0,0,1,1,1,0,furnished,575384.388927669
2220,5,3,2,1,0,1,1,1,1,0,unfurnished,749152.6581129327
264,1,1,1,1,1,0,0,1,0,1,furnished,234434.44064309204
1101,4,3,2,0,0,1,1,0,1,0,semi-furnished,516033.1397595415
1788,3,1,1,1,1,1,0,1,0,1,furnished,514779.98082888144
1398,4,3,1,0,1,1,1,1,2,1,semi-furnished,562678.4980067582
1685,1,2,2,1,0,0,1,1,1,1,furnished,505446.43242856173
1198,4,3,2,0,1,1,0,1,1,0,unfurnished,582802.1161930233
1543,4,3,2,0,0,0,0,0,1,1,furnished,656322.0619888337
1422,1,1,1,1,0,0,1,0,2,1,furnished,437967.48901442374
2083,5,1,2,1,0,0,1,1,1,0,unfurnished,617016.2541204935
1627,4,3,1,0,0,1,0,0,0,0,furnished,543714.9187254482
1668,4,2,2,1,0,1,1,0,2,1,semi-furnished,582252.3308452764
1294,5,2,2,1,0,1,1,0,2,0,furnished,642196.6050470425
1256,4,1,2,1,0,0,1,1,2,0,furnished,512769.29006199463
1283,4,2,1,0,0,1,1,0,2,1,furnished,470137.33883122075
1697,4,3,2,1,1,1,0,0,2,1,unfurnished,683702.2671348702
1289,2,1,2,1,1,1,0,0,0,1,furnished,295171.64359229297
1644,5,3,1,1,0,1,0,1,2,0,furnished,561851.2212797386
2537,4,1,1,0,1,1,0,1,1,0,semi-furnished,584825.4058112858
1935,5,1,2,1,1,0,0,0,2,0,furnished,642622.0883317421
1336,3,1,2,0,1,0,0,0,2,1,furnished,465134.0614920906
2100,3,1,2,1,1,0,1,1,2,0,furnished,509028.18506412004
1295,4,2,1,0,1,0,0,1,2,0,furnished,468605.40789307473
480,5,3,1,1,1,1,1,0,2,1,semi-furnished,585560.4663618697
995,5,3,1,1,0,0,1,0,0,1,semi-furnished,581589.0885314181
564,5,3,1,0,1,1,1,1,0,1,unfurnished,528588.8441202029
1324,2,1,2,0,1,0,0,1,2,0,furnished,480241.6890518494
1509,3,2,1,0,1,0,1,0,0,1,unfurnished,478769.8511729617
2338,5,3,1,1,1,0,0,1,1,0,unfurnished,666427.2173020894
1663,5,2,1,1,0,1,1,0,2,0,furnished,590274.8973294192
1390,2,1,2,1,0,1,1,0,1,1,semi-furnished,381856.6921396073
1914,2,3,2,1,0,0,0,0,1,1,semi-furnished,540993.0504804292
394,5,2,1,0,0,1,1,1,2,1,furnished,563005.030961067
1617,1,1,1,1,1,0,1,0,1,1,furnished,423964.5042355484
1885,5,2,2,1,0,0,1,0,1,1,semi-furnished,741600.466295956
760,5,3,2,1,0,0,1,1,1,0,furnished,563855.7378100504
2071,2,3,2,1,0,1,0,1,2,0,furnished,649404.9897257129
1669,2,1,2,1,0,0,1,0,2,0,furnished,445234.7886776015
1292,5,1,2,1,1,0,1,0,1,1,semi-furnished,670779.2541284946
1816,5,1,2,1,0,0,0,1,2,0,unfurnished,635507.1626278938
2635,5,2,2,0,1,1,1,1,2,1,unfurnished,821861.5686902138
1590,2,2,2,1,0,0,1,1,1,1,furnished,590755.6182154928
1624,5,2,1,1,1,1,1,0,2,0,semi-furnished,605728.6185709398
1270,5,1,1,1,1,0,1,0,0,0,furnished,510919.4493772087
1075,4,3,1,1,0,1,0,0,2,1,semi-furnished,616943.1712603151
1915,1,3,1,0,0,0,1,1,0,0,furnished,397849.8418034968
1071,3,2,1,0,0,0,0,0,1,1,semi-furnished,346055.38587469194
1535,1,2,1,0,0,1,1,1,2,0,semi-furnished,493650.3527292455
1261,4,3,2,0,1,1,1,0,1,0,unfurnished,525611.7767831432
1739,3,3,2,0,1,0,1,1,1,0,furnished,569837.8025468772
1666,5,2,1,0,0,1,0,0,1,0,unfurnished,604400.3334725563
2018,4,2,1,1,0,0,1,0,1,0,unfurnished,529375.30481344
1244,5,3,2,0,1,0,1,1,1,1,semi-furnished,597006.6043388934
1365,2,1,2,0,0,0,0,1,2,0,furnished,424186.86483874166
1010,4,2,2,1,1,1,0,0,0,0,semi-furnished,406346.18010438053
1277,2,3,1,0,0,0,0,1,2,0,semi-furnished,408304.696156604
1688,4,3,2,1,1,1,0,1,2,1,semi-furnished,706051.9332157703
1878,4,3,1,1,1,0,1,0,2,1,furnished,632302.4051587417
1038,2,3,1,0,1,1,1,1,2,1,furnished,389627.4528407126
1934,3,1,2,1,1,1,1,0,0,1,semi-furnished,631108.8978102006
2177,1,3,2,0,1,0,1,0,2,1,furnished,540876.9076974588
1706,5,2,1,0,0,1,0,1,1,0,semi-furnished,647157.6058880871
2438,4,1,2,1,1,0,1,1,2,0,furnished,658798.1874909778
1113,5,3,2,1,0,0,1,0,2,0,furnished,565299.4009154618
877,2,1,1,0,1,0,1,0,0,1,unfurnished,329159.046012758
610,5,2,2,1,1,0,1,0,0,1,semi-furnished,528210.6436835891
2248,2,3,1,1,0,0,0,0,1,0,unfurnished,445911.9271004321
1827,5,2,1,0,0,1,1,0,2,1,unfurnished,699189.2129393747
1472,1,3,2,0,0,0,1,0,2,1,semi-furnished,419086.4888553002
1639,1,3,1,1,0,1,1,1,2,1,semi-furnished,399886.6807602216
937,1,3,1,0,1,1,0,1,1,0,furnished,410108.30269786663
2722,1,3,2,0,0,0,0,1,0,0,semi-furnished,491985.0992093688
1564,1,3,2,0,1,1,1,0,1,1,unfurnished,434008.8053692188
1554,1,1,2,0,0,0,1,1,2,1,unfurnished,335130.6206485013
1862,2,3,1,0,0,1,1,0,0,1,semi-furnished,556247.0743298496
1740,4,3,1,0,1,1,0,0,0,1,unfurnished,499525.9706395156
1611,5,1,2,0,1,1,1,1,1,0,furnished,602022.4740352825
1104,1,1,1,1,0,0,1,0,0,1,unfurnished,349031.01612702204
1735,2,1,2,0,1,1,1,0,0,0,furnished,437585.84665015485
2441,2,1,2,1,1,0,0,0,2,0,unfurnished,536117.2844003905
2172,2,1,1,1,1,1,1,0,2,0,furnished,405116.70708562917
2296,4,1,2,1,1,1,1,0,0,1,furnished,597113.7582116358
1244,5,3,1,0,1,1,0,0,0,0,semi-furnished,538790.0169021261
1005,4,3,1,0,1,1,0,1,1,0,furnished,461141.2965006502
1437,3,2,2,1,1,0,1,0,1,1,semi-furnished,551867.9729999384
1527,2,3,1,0,1,0,0,0,0,1,unfurnished,466787.17044075707
2047,3,3,2,1,0,1,1,0,2,1,unfurnished,695825.1442900051
653,1,1,1,0,1,1,0,0,0,0,unfurnished,148991.03210936583
2264,1,1,1,0,0,0,0,1,0,1,furnished,516232.3027489477
1420,4,3,1,1,1,0,1,1,2,0,unfurnished,628373.9672277066
1286,5,2,2,1,1,0,1,0,2,0,unfurnished,611514.2923165468
993,3,1,1,1,1,0,1,0,1,1,semi-furnished,481776.82915383205
672,5,3,2,0,1,1,0,0,1,0,semi-furnished,650470.3885999987
1911,4,3,1,1,0,1,1,1,1,0,unfurnished,542163.9949471565
1536,1,2,1,0,0,0,1,1,1,0,unfurnished,345336.8678754323
855,5,2,2,0,1,0,1,1,2,0,furnished,444578.4170063336
852,5,1,2,0,0,0,1,1,0,1,furnished,522832.5766324012
1332,1,2,2,1,1,0,1,0,1,0,unfurnished,414469.712096257
2334,3,3,2,1,1,0,0,1,1,1,semi-furnished,676441.894227862
1370,1,3,2,1,0,0,1,1,2,0,unfurnished,427273.3214500845
748,5,2,1,0,0,1,1,0,2,0,furnished,380324.27419058373
1377,3,2,1,0,1,1,0,0,0,1,semi-furnished,466376.68417058844
1363,3,2,2,1,1,1,1,1,0,0,semi-furnished,587071.7241957663
151,1,2,1,0,0,0,1,1,2,0,furnished,208549.0772133284
1472,5,1,1,0,1,0,1,1,1,0,unfurnished,557202.9964511573
1384,4,2,1,1,0,0,1,1,1,0,unfurnished,442992.7843289975
1848,5,1,2,1,1,1,1,0,1,0,unfurnished,650660.6531846257
2424,2,3,1,1,1,0,0,0,0,0,furnished,497730.88511276717
2063,4,2,1,0,0,0,0,1,1,1,semi-furnished,548179.1024698543
1365,3,1,1,0,0,1,0,1,1,1,furnished,408481.81793919345
946,4,2,2,0,0,0,1,1,2,1,unfurnished,522919.4208983495
2786,3,3,1,0,1,1,0,1,1,0,furnished,647721.6657846267
1529,3,3,1,0,1,1,1,1,2,0,semi-furnished,465291.8399402241
1506,4,3,2,1,1,0,1,0,1,0,furnished,573744.2334216074
1487,3,2,2,0,1,1,1,0,0,1,unfurnished,504626.41110004263
1599,3,2,1,0,0,0,0,0,1,0,semi-furnished,374948.03877340705
1427,2,1,1,0,1,1,0,1,1,1,furnished,507533.2600837508
1213,5,3,2,1,1,0,0,1,2,0,furnished,608625.225996933
1226,5,2,2,1,1,1,1,0,2,0,semi-furnished,582128.1543183255
1483,2,3,2,1,0,0,0,0,2,0,semi-furnished,439384.6025088751
1228,4,3,2,0,1,1,1,1,1,1,unfurnished,695724.0043569058
1143,1,1,2,1,1,1,0,0,1,0,semi-furnished,376945.26142997405
1553,1,1,2,1,0,1,0,1,0,1,unfurnished,368470.3996878179
1372,1,1,2,1,1,0,1,1,1,0,furnished,450511.57794299844
2251,2,1,1,0,1,0,1,0,0,0,unfurnished,428134.9347144439
174,2,3,2,1,0,1,0,0,2,1,furnished,415262.6710555751
2045,3,1,2,0,1,0,0,0,2,0,semi-furnished,502276.13956237736
2123,1,1,1,0,1,1,0,1,2,0,furnished,384829.2006521513
463,4,1,2,1,1,0,1,1,0,0,semi-furnished,451188.3049527301
1328,4,1,2,0,0,1,1,0,1,0,furnished,453545.6385002205
1314,1,3,1,1,1,0,0,1,2,1,furnished,547237.7814787552
796,1,1,2,0,1,1,0,1,1,1,furnished,281135.4447378448
1111,1,3,1,1,0,1,1,1,1,0,furnished,460907.83864274726
944,2,2,1,1,0,1,0,0,2,0,unfurnished,368834.05756010994
2376,2,3,1,1,1,1,1,1,0,1,furnished,605554.2867010552
1967,2,3,1,0,1,0,1,0,1,0,unfurnished,511357.8883314717
2135,5,1,2,1,1,1,1,0,2,1,semi-furnished,679987.5352497782
1860,4,2,1,0,1,0,1,1,1,0,semi-furnished,597212.4192349318
935,4,2,1,1,0,0,1,0,1,1,unfurnished,351122.80723094114
1237,3,2,2,0,1,1,1,1,1,1,semi-furnished,490700.52333890303
1744,2,2,1,0,0,0,0,0,1,1,semi-furnished,383196.8596329467
888,5,3,1,1,0,0,1,0,1,1,furnished,499124.6993814119
1856,5,2,1,1,1,0,1,1,0,0,furnished,602852.2580960525
1379,4,3,1,1,1,1,0,0,0,0,furnished,542187.4984090847
1312,2,3,2,1,0,0,1,0,2,1,unfurnished,549332.9999249653
1855,3,3,1,1,0,0,0,0,0,1,unfurnished,542543.8378600203
1722,2,2,2,0,1,1,1,1,0,1,semi-furnished,471915.32675532263
1319,1,1,2,1,0,1,0,1,0,1,furnished,410350.82189125835
2079,2,1,1,1,1,0,0,0,1,0,unfurnished,449114.28474254254
959,1,2,1,0,1,1,1,0,1,1,unfurnished,380702.8083968008
1807,1,1,1,1,0,0,1,0,2,1,furnished,452546.8351465758
1796,3,1,1,1,0,0,1,1,2,1,unfurnished,539123.8206960314
1345,4,3,2,0,1,0,1,1,2,1,furnished,582637.3496919372
1663,2,3,2,1,0,1,0,0,1,1,semi-furnished,498652.49220839597
874,1,2,2,1,1,0,0,1,0,1,semi-furnished,354910.53201809834
1962,2,2,1,1,1,1,0,1,0,1,semi-furnished,495436.6833041872
1407,4,1,2,0,1,1,1,1,1,0,furnished,542102.5213794877
1238,4,3,1,1,0,0,0,1,2,1,unfurnished,619558.719506403
2024,5,2,1,0,1,1,1,0,2,1,semi-furnished,657844.0653492311
1147,4,2,1,1,1,1,1,1,2,1,semi-furnished,578506.2393950237
795,3,2,1,0,1,1,0,1,1,0,semi-furnished,406665.3152500002
721,1,2,1,1,1,1,1,0,2,0,unfurnished,299304.734343383
1803,5,2,2,0,1,1,0,0,2,0,unfurnished,589030.3871178522
859,3,2,2,0,1,0,1,1,1,1,furnished,391128.1051344645
2377,2,1,1,0,1,1,0,1,0,1,semi-furnished,457942.5320961564
459,1,3,2,0,1,0,1,0,1,1,unfurnished,367557.27266338933
2348,4,3,1,0,1,0,0,0,1,0,furnished,564654.4280980217
1605,1,2,1,0,1,0,0,0,1,1,semi-furnished,368609.648128703
1451,2,3,1,1,1,0,1,1,1,0,unfurnished,496421.5643706159
1227,5,3,2,1,0,0,1,1,0,0,unfurnished,631734.4748211334
1699,5,3,1,0,1,0,0,0,2,0,furnished,550923.357391698
1481,5,2,1,0,1,1,1,1,1,0,semi-furnished,625952.9678226821
2051,4,2,2,0,1,1,1,0,0,0,semi-furnished,634467.5044677743
1557,3,3,2,0,0,1,1,1,2,1,unfurnished,537207.507139072
1575,3,3,2,1,1,0,0,0,2,1,semi-furnished,556308.1565179423
1318,1,2,1,0,0,1,0,0,2,0,furnished,391354.53415730956
1471,4,1,1,1,1,1,1,1,1,1,unfurnished,552757.3239372349
1653,5,3,2,1,1,1,1,1,1,1,unfurnished,617311.1026274074
644,5,1,1,0,0,0,0,1,2,0,furnished,379415.9247633657
825,2,3,2,0,1,1,1,1,2,0,unfurnished,438031.51874137594
1871,2,1,2,1,0,0,0,1,2,1,semi-furnished,468947.8674857699
1585,5,1,1,1,0,1,1,1,2,1,semi-furnished,605828.8114681779
1408,5,1,1,0,1,0,1,0,2,1,unfurnished,560419.810684179
1509,4,2,2,0,1,0,1,1,2,1,furnished,687012.7302017364
1673,3,1,2,0,1,0,0,0,0,0,furnished,427777.3041886105
1230,2,1,2,1,1,1,0,0,2,1,semi-furnished,516627.08997863793
1110,3,1,2,1,0,1,0,1,1,0,furnished,527438.0081018385
1597,4,3,1,0,0,0,0,0,1,0,unfurnished,581415.4834676038
1010,5,1,2,1,1,1,1,0,1,1,unfurnished,593237.7296692784
1704,3,3,2,1,0,0,1,1,2,1,semi-furnished,530235.5426080513
648,5,1,2,0,0,0,0,1,1,1,semi-furnished,527841.2432701932
2014,5,1,1,0,1,1,1,1,0,0,semi-furnished,631819.9943906771
1736,1,2,1,1,0,1,1,0,2,0,furnished,407546.64472822915
1628,3,3,2,1,0,1,0,1,1,0,unfurnished,655029.1935037625
1991,3,1,1,0,1,0,1,1,0,0,unfurnished,510091.67807337287
2332,5,3,1,0,0,0,1,1,0,1,unfurnished,709613.6688576392
2007,4,3,1,0,1,1,0,1,1,0,semi-furnished,655019.0355602918
579,1,2,2,0,0,0,1,0,0,0,unfurnished,272568.4925630439
860,5,2,2,0,1,1,1,1,1,1,furnished,464359.47503023234
1187,2,2,1,1,0,0,1,0,0,0,furnished,331743.05242648174
1513,2,2,2,1,0,1,0,1,2,0,unfurnished,556158.4013623927
1758,1,2,2,1,1,1,0,0,2,1,semi-furnished,455420.4329950852
1137,4,2,1,1,1,0,1,0,2,0,unfurnished,495526.37473815307
1593,5,2,1,0,1,1,1,0,2,0,furnished,530058.1843048465
1122,3,2,2,0,1,1,1,1,2,0,furnished,589396.1297600885
1194,1,1,1,0,0,0,0,0,1,0,furnished,343474.6228709008
796,4,3,2,1,0,1,0,1,2,1,unfurnished,545406.5552429635
1038,3,2,2,1,0,0,0,1,2,0,furnished,496164.9000194542
824,2,2,1,1,1,1,1,1,2,1,semi-furnished,411375.2976117976
1012,2,3,2,0,0,0,1,1,2,0,unfurnished,474947.2319515689
2026,3,1,2,1,0,1,1,1,0,1,unfurnished,596084.1538621164
1025,1,3,1,0,1,1,1,0,2,1,furnished,431085.27858066326
2816,2,3,1,0,1,1,1,1,2,1,furnished,661195.9223853943
1746,5,2,1,0,0,1,0,0,1,0,semi-furnished,701370.3103194234
1592,3,3,2,0,1,0,1,0,0,0,unfurnished,450803.8117494631
1070,3,3,1,0,0,0,1,0,1,0,furnished,329469.8322781743
1850,2,2,1,0,0,0,1,0,2,1,semi-furnished,448345.4899649269
1212,1,2,1,1,1,0,0,0,1,0,furnished,257800.58672198665
1561,5,2,1,0,0,0,1,0,1,0,unfurnished,459476.88649970037
2780,1,2,2,0,1,0,0,0,2,0,furnished,472934.2672901017
1451,4,3,2,1,1,0,0,1,0,0,unfurnished,538990.5547284186
2074,4,3,1,0,0,1,0,0,0,1,furnished,534669.094902497
1148,2,1,2,1,0,1,0,1,1,1,unfurnished,470710.94752227055
1482,2,1,1,1,0,1,0,0,2,0,semi-furnished,372890.5469457332
2385,2,3,1,1,1,1,1,0,1,0,unfurnished,542524.2712563759
1186,4,1,2,0,0,0,1,0,1,0,semi-furnished,501311.63872504677
2406,1,3,2,0,1,0,0,0,1,1,unfurnished,492283.8737609287
1853,1,1,1,1,1,0,0,1,2,0,semi-furnished,402072.7050647639
1218,2,2,1,0,0,1,0,1,2,1,furnished,450087.99930464575
1816,5,1,2,0,1,0,1,1,0,1,unfurnished,527521.6099689889
1986,1,2,1,1,0,1,1,0,2,0,furnished,317354.7245524709
1810,4,2,2,1,0,0,0,0,1,0,semi-furnished,588305.8664398862
714,3,2,1,0,0,0,1,0,1,0,unfurnished,374000.71402834496
1136,3,2,1,1,0,0,1,1,0,1,unfurnished,564811.0067426205
1376,3,1,2,1,0,0,0,0,2,1,furnished,510504.7437933405
1462,5,3,2,1,0,1,0,1,1,0,unfurnished,692186.9858629047
1810,2,2,2,0,0,1,1,1,0,1,unfurnished,489226.3678207013
1588,4,1,2,0,1,0,1,0,0,0,furnished,506661.3610792543
832,5,2,2,0,0,1,1,0,1,0,unfurnished,594562.8420874767
1690,4,1,2,1,1,0,0,1,1,1,furnished,497800.35909371823
1805,4,1,2,0,1,0,0,1,2,1,furnished,626180.812878584
1779,2,1,1,1,1,0,0,1,0,1,furnished,559679.3365038683
2040,3,3,1,0,0,0,1,0,1,1,furnished,561101.7109604671
1916,2,1,1,0,1,1,1,0,0,0,furnished,477128.64816164237
1729,5,1,2,1,1,0,0,0,2,0,semi-furnished,586439.3925235278
1464,5,3,2,0,0,0,1,0,1,0,semi-furnished,592797.6252918143
669,5,3,2,1,0,1,0,0,2,1,furnished,603576.2351194294
1714,2,1,1,0,1,0,1,0,0,0,semi-furnished,253520.44603206147
1603,4,3,2,0,0,1,0,1,2,1,semi-furnished,581891.10860749
1635,4,2,2,1,0,0,1,1,2,1,unfurnished,586656.2460308007
861,1,2,1,1,0,0,1,1,0,1,furnished,375203.3039016264
959,5,3,2,1,0,0,0,0,2,0,semi-furnished,629507.6552842028
2026,4,3,1,0,1,0,0,1,0,1,unfurnished,623801.8221353267
1480,1,1,1,0,0,0,0,0,1,1,unfurnished,364205.1448427853
1840,4,3,2,0,0,0,0,0,0,1,furnished,580792.5293639112
1514,5,1,2,1,0,1,0,1,0,1,furnished,671496.5834769772
1514,3,2,2,1,1,0,1,0,1,1,unfurnished,549839.4221316036
1969,5,3,1,1,1,1,0,1,0,1,furnished,694793.2023713378
1241,2,1,1,0,0,1,0,1,1,1,furnished,370820.3683368794
1548,4,1,1,0,0,0,0,0,1,1,unfurnished,514022.52388182137
1268,4,2,2,1,1,1,0,1,0,1,unfurnished,560740.0591693544
1282,2,3,2,0,0,0,0,1,2,1,furnished,547021.5688599034
1345,2,2,2,1,0,1,1,1,2,1,semi-furnished,465892.5429641997
1611,3,1,2,0,1,0,0,1,1,1,furnished,461154.1872635903
1260,4,1,1,0,0,1,0,0,2,0,semi-furnished,480371.3377563252
2127,4,3,1,1,0,1,0,1,2,0,unfurnished,643272.7892708493
1052,3,1,1,0,1,0,1,1,0,1,semi-furnished,385505.4291923436
1406,1,3,1,0,1,1,1,1,1,1,unfurnished,478102.88662377297
1280,3,2,2,1,0,0,0,0,1,1,furnished,472636.9292956958
2223,5,3,2,1,1,0,0,1,0,0,furnished,702289.9372849815
1598,4,3,2,0,0,0,1,0,2,0,unfurnished,647761.397503558
2015,2,1,1,1,0,0,1,1,1,0,unfurnished,531457.1172905326
757,5,1,1,0,0,0,1,1,2,1,unfurnished,582319.9105135164
1633,4,3,2,1,1,1,0,1,1,1,furnished,654193.7111533044
1944,3,1,2,0,1,1,0,0,1,1,furnished,595935.1452492236
1541,5,1,1,0,0,1,1,0,1,1,semi-furnished,499652.35861156613
2032,4,1,2,1,0,0,0,0,1,0,unfurnished,517854.856263897
1241,1,3,1,0,1,1,1,0,2,1,semi-furnished,294577.20736878196
2204,1,1,1,0,1,1,1,0,2,0,furnished,497043.4100949265
2649,2,3,1,1,1,1,1,0,2,0,semi-furnished,554701.0075461961
1318,4,1,2,1,0,1,0,1,2,1,semi-furnished,575473.371012647
1277,1,2,2,0,1,1,1,0,0,0,furnished,305183.7829035858
2226,3,1,1,1,1,0,1,1,1,0,furnished,575358.262416507
2289,4,1,2,1,0,0,0,0,1,0,unfurnished,570118.316964133
1238,3,3,1,0,0,1,1,0,1,0,semi-furnished,376559.15547835256
1289,3,3,1,0,0,0,0,0,0,1,furnished,465983.128209303
1359,1,1,1,1,1,0,1,1,2,1,furnished,337213.4987594886
827,4,2,1,1,0,1,0,0,1,0,semi-furnished,400829.7137342254
1040,5,1,2,1,0,1,1,0,2,1,furnished,481655.544268696
997,1,1,1,0,0,0,1,1,2,0,unfurnished,221502.09439011966
1116,1,2,1,0,0,1,1,1,0,1,unfurnished,348526.4584860239
1482,4,3,2,0,1,0,1,1,0,1,semi-furnished,502973.1980948538
1617,4,1,1,0,0,0,1,1,2,1,unfurnished,465642.7137689142
2275,3,3,1,0,1,1,0,0,1,1,furnished,587381.5541933596
1000,4,3,2,0,1,0,0,1,1,1,furnished,537819.6551953474
1992,3,2,2,0,1,0,1,0,0,0,furnished,611801.8317979655
1393,1,2,2,1,0,0,1,0,0,1,furnished,493994.82730121876
1475,2,3,1,1,1,1,1,1,0,0,semi-furnished,422103.8768624423
1837,5,1,2,0,0,1,0,0,0,0,unfurnished,581556.8809201741
938,1,3,2,0,0,1,0,1,0,1,unfurnished,421264.1278439725
1691,4,1,1,0,0,1,1,0,0,0,furnished,427226.0570987798
1583,5,1,1,1,1,0,0,1,0,1,semi-furnished,508522.9231750898
1746,2,2,1,0,0,1,1,1,1,0,furnished,436985.07753459713
1644,2,1,1,1,0,1,1,1,0,0,furnished,398757.7162592945
2727,3,1,1,1,0,1,1,1,0,1,semi-furnished,578911.775151469
1181,5,3,2,1,1,1,0,1,1,1,semi-furnished,695215.8434082243
1234,3,2,2,1,1,0,1,1,1,1,furnished,508863.51964972005
1188,1,1,2,1,1,0,1,0,2,1,unfurnished,349200.1226210428
1222,5,1,1,0,0,0,1,0,0,0,furnished,455654.1485174916
1181,1,2,1,0,1,1,0,0,0,1,unfurnished,347398.5046284438
2094,3,3,1,1,0,1,0,1,0,0,unfurnished,495567.7528049974
2210,5,2,2,0,0,0,0,0,0,0,semi-furnished,657404.530549554
1214,3,2,2,1,1,1,1,1,2,0,semi-furnished,450875.9431111961
1083,5,1,1,1,0,1,0,0,1,0,furnished,459394.3270642178
1735,3,1,2,0,1,0,1,0,1,0,unfurnished,463599.5731901195
1223,2,3,1,0,0,0,0,1,0,0,unfurnished,345488.8143674035
1816,3,1,2,0,1,1,1,0,0,1,furnished,481346.9763224404
1601,2,1,2,0,0,1,0,0,0,0,furnished,473653.7241154057
742,3,2,2,0,0,1,1,0,2,0,furnished,379655.7955480551
2273,5,1,1,1,0,0,0,1,2,0,semi-furnished,764361.0861235957
2397,5,3,2,0,0,0,0,0,1,1,furnished,736556.3389865526
1193,5,2,2,0,0,0,0,1,0,1,furnished,573902.7568655995
1306,4,3,1,0,1,0,1,0,0,0,unfurnished,507412.0176693833
1642,1,2,2,1,0,1,0,0,0,1,furnished,555696.3874625976
1667,5,1,1,0,1,0,0,0,0,0,unfurnished,452020.3498034276
1829,2,2,1,1,1,0,0,0,2,1,unfurnished,446879.10405318055
2505,5,2,1,0,1,1,0,1,1,0,semi-furnished,632756.6901714039
1411,4,1,1,0,0,1,1,0,1,1,furnished,485707.15734822804
1100,2,1,1,1,0,1,0,1,2,1,furnished,333711.44375937135
810,4,3,2,0,0,0,1,1,0,1,unfurnished,520116.9619659304
1134,2,3,1,0,1,1,1,0,1,0,semi-furnished,481077.3566706836
1483,3,1,1,1,0,1,1,0,1,0,semi-furnished,443870.36953123886
2397,1,1,1,0,0,0,1,1,2,0,furnished,418065.72705123614
1241,1,1,1,1,1,0,0,1,0,1,unfurnished,318191.97756581864
1611,4,2,2,1,1,1,1,0,1,1,furnished,664025.5852275782
1491,1,2,1,1,1,0,1,0,0,0,furnished,310808.3613380976
2094,4,2,2,1,1,1,1,0,1,1,furnished,759719.7960299624
2763,4,1,1,1,1,1,1,0,2,0,furnished,745967.9873857179
1234,4,3,2,0,1,0,0,0,0,0,unfurnished,521237.5399330894
1255,1,1,1,0,0,1,0,1,2,0,semi-furnished,319924.24559616775
2022,4,2,1,0,1,0,1,0,1,0,furnished,596732.990412078
1840,1,2,2,1,0,0,1,0,2,1,furnished,541739.9251113662
2423,4,1,1,1,0,0,1,1,2,1,furnished,610000.4134470292
1791,5,1,2,1,0,1,0,0,2,1,furnished,627772.2433431649
1320,4,2,1,1,1,0,0,0,1,0,semi-furnished,430882.6282658352
1795,2,2,2,0,0,0,0,1,0,1,semi-furnished,499953.24691670283
2054,4,2,1,0,1,1,0,0,2,0,semi-furnished,603731.3941728445
1910,3,1,1,1,1,1,0,1,0,0,semi-furnished,423503.7181069364
1753,4,2,2,1,0,1,1,0,1,0,furnished,560540.054759192
2033,2,2,1,0,1,1,0,0,0,0,unfurnished,360937.30412093253
2084,2,3,1,1,0,0,0,0,2,0,semi-furnished,463460.0094878081
2191,1,1,1,1,0,0,1,1,2,0,semi-furnished,469650.853011315
1824,5,3,1,1,1,0,0,1,2,1,furnished,670725.896666086
1416,4,3,1,0,0,1,0,1,2,1,furnished,566558.702198385
1573,1,2,1,0,0,1,0,1,2,1,furnished,335934.4136026342
2103,5,1,2,1,0,0,1,0,2,1,furnished,692649.5104862332
1091,4,2,2,0,1,1,0,1,1,0,unfurnished,516886.33400776755
1684,3,1,2,1,0,1,1,1,1,0,unfurnished,484952.0374983419
1303,4,3,1,1,1,0,1,1,1,1,semi-furnished,583849.2851158762
1514,2,1,2,0,1,0,0,0,0,1,unfurnished,420414.7440251722
2139,2,2,1,1,0,1,0,0,0,1,semi-furnished,448156.5925545328
1595,3,2,1,1,0,1,0,1,1,1,semi-furnished,455686.872799911
1523,1,2,1,0,1,1,0,1,0,1,unfurnished,477578.72163434076
820,5,1,1,1,1,0,1,0,0,1,semi-furnished,458336.3647644864
1873,4,3,2,1,0,0,0,1,2,1,furnished,682461.9948406555
1822,2,3,1,1,0,0,1,1,2,1,semi-furnished,600741.9867510156
2581,1,1,2,0,1,0,1,1,0,0,furnished,642552.7593785243
1346,3,2,1,1,1,0,1,1,0,0,unfurnished,400375.6775055567
1609,2,3,2,0,1,1,1,0,1,0,unfurnished,506391.36068632547
1624,3,2,2,1,1,1,1,0,0,0,semi-furnished,480022.38573529467
2288,4,1,2,1,1,1,0,0,2,1,furnished,641860.4847711645
1452,5,2,2,1,0,0,1,1,0,0,semi-furnished,562189.3989496605
1639,2,3,2,1,1,0,1,1,1,1,unfurnished,510617.25160997076
1803,2,3,2,0,1,0,0,0,2,0,semi-furnished,503235.4319107669
1593,4,2,1,0,0,1,0,0,2,1,semi-furnished,470574.8656475882
1276,1,1,2,1,0,0,1,0,2,1,furnished,447940.37832559354
1597,5,2,1,1,1,0,1,1,2,0,unfurnished,630450.1468016687
2036,2,1,2,1,1,1,0,0,0,0,semi-furnished,489721.748645072
986,5,2,1,1,0,0,1,1,1,1,furnished,543290.5694026889
1566,2,3,2,1,1,1,0,1,0,1,semi-furnished,523239.8032894126
1149,5,1,2,1,1,0,0,0,0,1,furnished,569278.1952583664
2097,3,1,1,1,0,0,1,0,2,0,furnished,449497.4683797087
738,2,1,2,1,1,1,0,1,1,0,semi-furnished,365900.4782793332
1220,5,3,2,0,0,1,1,0,2,1,unfurnished,592019.3243060773
1688,1,2,2,0,0,1,1,0,0,0,unfurnished,332271.5594704493
2282,3,3,1,0,0,1,1,1,0,1,furnished,480708.0879687179
1467,3,1,2,1,0,1,0,1,2,0,unfurnished,578666.329474
1222,1,2,1,1,1,1,1,1,0,0,furnished,325873.06234231155
2440,5,3,2,1,0,0,0,1,0,0,unfurnished,777168.8027581775
775,4,1,2,0,1,0,1,1,2,0,semi-furnished,528939.6160697147
400,1,1,1,1,1,1,1,0,0,0,unfurnished,158700.01467417533
1720,5,3,2,0,1,0,0,1,1,1,furnished,632579.4382163577
1248,1,3,2,1,1,1,1,1,2,1,furnished,635825.1479677842
989,1,3,1,0,1,0,1,1,1,0,unfurnished,434446.29709635716
1854,2,1,2,0,0,1,0,0,0,1,semi-furnished,438824.0743335948
1621,5,3,1,0,0,0,0,1,0,1,furnished,614968.6553208674
1217,4,1,1,1,0,0,0,1,2,0,furnished,455157.67985264055
859,2,3,1,0,0,0,1,1,0,1,furnished,405517.635710017
1936,1,1,2,1,1,0,0,0,2,0,furnished,402740.9049638764
1825,1,1,1,1,0,0,0,1,2,1,furnished,330882.31178508076
1450,1,2,1,1,1,1,1,1,2,1,semi-furnished,391922.2106744475
2423,5,3,2,1,1,1,0,1,2,1,unfurnished,818354.6373925294
964,5,3,1,1,0,1,1,0,2,1,semi-furnished,542846.6382248707
737,2,1,2,0,0,0,1,0,1,1,semi-furnished,343336.12675432325
1154,4,1,2,1,0,1,0,0,2,1,furnished,486666.9480283569
1477,2,1,2,1,0,0,1,0,1,1,semi-furnished,411582.30387490033
1621,3,2,2,1,1,0,0,1,0,0,furnished,564758.2653206596
1379,1,2,1,1,1,0,0,1,2,0,semi-furnished,410274.02738200524
1676,1,1,1,1,0,1,0,0,0,0,furnished,327116.77893433266
874,1,3,1,0,1,0,0,0,2,0,furnished,366348.19865353254
2221,2,3,1,0,1,1,1,1,1,1,semi-furnished,589130.4296673674
1458,2,2,1,1,1,1,1,1,1,1,semi-furnished,561128.1645625684
2058,1,2,2,0,0,0,0,0,1,1,unfurnished,427807.036884243
1671,2,1,1,0,1,0,0,0,0,0,unfurnished,330618.2510736246
1728,5,3,1,1,0,1,1,0,2,0,unfurnished,575744.5366804327
1784,5,1,1,0,0,1,0,0,0,0,semi-furnished,486950.96413137903
1723,2,2,2,1,1,1,1,1,1,1,semi-furnished,603538.4947151223
1821,1,3,2,0,1,1,0,0,0,0,furnished,492099.3686131067
2164,2,3,1,0,0,1,1,0,1,1,unfurnished,567415.2584043334
1598,2,2,2,0,1,1,1,1,1,0,furnished,388090.4066725282
1854,2,1,1,1,1,0,1,1,1,1,furnished,542557.2606330367
1455,3,1,1,0,0,1,0,1,2,0,furnished,348574.06883639644
2220,5,3,2,0,0,1,0,1,2,1,furnished,796905.8662061173
1161,4,2,2,1,0,1,0,1,1,0,unfurnished,522710.77367144724
2400,4,3,1,1,0,1,0,0,0,0,furnished,645126.6656966928
1479,3,2,1,0,1,0,0,0,0,1,semi-furnished,381277.5826052717
784,2,1,2,1,1,0,1,0,2,1,semi-furnished,474958.38163530733
1564,3,2,1,0,0,1,1,1,1,0,semi-furnished,396151.26269475557
1159,3,1,2,0,0,1,1,0,0,1,unfurnished,395477.2544573411
1920,1,2,1,1,0,1,1,1,1,0,furnished,385095.26861154824
1173,5,3,2,1,1,0,1,0,0,1,unfurnished,537585.757358875
1276,4,1,1,1,0,0,1,0,2,0,furnished,480326.3783794234
555,2,3,1,0,1,0,1,1,1,1,unfurnished,478804.4558918481
1273,4,3,2,1,0,0,0,1,1,0,unfurnished,705645.2611160005
288,4,1,1,0,0,0,1,0,0,0,furnished,311657.7893543124
708,5,1,1,1,0,0,0,0,0,0,unfurnished,476634.06375337613
1880,4,3,2,0,1,1,1,0,0,1,furnished,637604.7318964269
1892,4,3,1,1,1,0,1,0,1,0,semi-furnished,617144.1597384106
1712,3,3,1,0,1,0,0,0,2,1,semi-furnished,524092.56744363805
1016,5,3,1,1,0,1,1,1,2,1,semi-furnished,639353.8462711301
1476,1,1,2,0,1,0,0,1,0,1,unfurnished,409473.9352303214
1498,2,1,2,1,1,1,1,1,2,0,semi-furnished,458877.01355618343
920,4,3,2,1,0,0,0,1,0,1,furnished,548125.2850053506
2251,2,2,1,0,0,1,1,0,2,1,semi-furnished,515178.4940501256
1938,1,2,1,1,1,1,0,0,1,1,semi-furnished,495120.16586652625
1389,2,1,1,0,1,1,0,1,0,0,unfurnished,305598.39141861594
1513,1,3,1,0,1,1,1,0,2,1,furnished,436722.8895696174
1604,3,3,2,1,1,1,1,1,1,1,unfurnished,719000.2734526349
479,4,1,1,0,0,0,0,0,2,1,unfurnished,451103.00762929686
1376,1,2,1,1,0,0,1,0,1,1,furnished,448058.9524444353
1159,2,2,1,1,0,1,0,0,1,0,unfurnished,377121.5920089017
999,4,2,2,0,1,1,1,1,2,0,furnished,553949.8781843012
1359,3,1,1,1,1,1,0,1,2,1,semi-furnished,561011.8083351463
2398,4,2,1,0,0,0,1,1,1,1,furnished,705812.7764765465
1820,1,1,1,0,0,1,0,1,1,1,furnished,294419.85435585567
1214,3,1,1,1,1,1,1,0,1,1,furnished,393627.93464750773
1786,2,3,1,1,1,1,0,0,0,0,unfurnished,529072.2050701324
